CustomerID,OrderCount,OrderAvgSize,AvgDeliverCost,AvgOrderValue
1,18,13,4.57,9.33
2,31,13,4.57,9.36
3,17,6,4.02,4.71
4,26,12,4.51,8.77
5,4,8,4.22,5.79
6,29,13,4.57,9.35
7,4,7,4.13,5.21
8,1,10,4.38,6.88
9,29,9,4.31,6.47
10,18,9,4.31,8.72
11,27,13,4.57,9.35
12,27,8,4.22,5.89
13,4,7,4.13,5.21
14,6,5,3.89,4.07
15,24,13,4.57,9.35
16,34,9,4.31,6.48
17,10,10,4.38,9.27
18,11,8,4.22,8.12
19,34,6,4.02,4.74
20,5,9,4.31,8.66
21,10,6,4.02,4.68
22,11,15,4.67,12.18
23,4,11,4.45,9.81
24,42,6,4.02,4.75
25,24,8,4.22,5.88
26,3,6,4.02,4.62
27,26,15,4.67,10.51
28,18,19,4.84,14.52
29,34,12,4.51,8.78
30,2,8,4.22,5.76
31,29,18,4.8,12.25
32,15,13,4.57,9.32
33,21,11,4.45,8.18
34,39,13,4.57,8.81
35,10,9,4.31,8.69
36,22,12,4.51,8.76
37,16,13,4.57,9.32
38,20,9,4.31,7.02
39,6,4,3.73,3.49
40,7,5,3.89,4.08
41,6,7,4.13,5.23
42,14,8,4.22,5.86
43,5,6,4.02,4.64
44,29,15,NA,10.51
45,15,12,4.51,10.45
46,4,4,3.73,3.47
47,7,8,4.22,5.82
48,22,8,4.22,6.44
49,8,7,4.13,5.25
50,9,11,4.45,9.85
51,43,15,4.67,10.53
52,5,9,4.31,8.66
53,20,16,4.71,11.08
54,7,19,4.84,14.47
55,33,15,4.67,10.52
56,23,12,4.51,8.76
57,21,4,3.73,3.56
58,15,10,4.38,9.29
59,27,7,4.13,5.31
60,15,12,4.51,8.74
61,3,7,4.13,5.2
62,21,11,4.45,8.18
63,21,13,NA,9.34
64,36,15,4.67,10.53
65,54,16,4.71,10.56
66,20,15,4.67,10.5
67,47,10,4.38,7.08
68,18,14,4.62,9.91
69,11,3,3.53,2.94
70,23,10,4.38,7.6
71,16,22,4.94,16.25
72,27,15,4.67,10.51
73,19,7,4.13,5.29
74,13,9,4.31,8.7
75,7,7,4.13,5.24
76,14,9,4.31,8.71
77,3,6,4.02,4.62
78,21,3,NA,2.98
79,15,4,3.73,3.54
80,32,16,4.71,11.1
81,37,6,4.02,4.74
82,16,8,4.22,5.86
83,15,7,4.13,5.28
84,12,11,4.45,9.86
85,23,9,4.31,6.46
86,29,16,4.71,11.09
87,3,4,3.73,3.46
88,13,8,4.22,5.85
89,14,10,4.38,7.58
90,39,7,4.13,5.33
91,24,9,4.31,6.46
92,28,8,4.22,5.89
93,14,5,3.89,4.12
94,18,13,4.57,9.33
95,7,4,3.73,3.5
96,2,9,4.31,6.34
97,14,6,4.02,4.7
98,22,12,4.51,8.76
99,21,6,4.02,4.72
100,21,15,4.67,10.5
101,9,7,4.13,5.25
102,30,22,4.94,14.58
103,13,10,4.38,9.28
104,25,13,4.57,9.35
105,8,10,4.38,9.26
106,12,6,4.02,4.69
107,28,6,4.02,4.73
108,44,18,4.8,12.28
109,35,10,NA,7.06
110,6,6,4.02,4.65
111,25,11,4.45,8.19
112,16,4,3.73,3.54
113,25,5,3.89,4.15
114,7,7,4.13,5.24
115,23,12,4.51,8.76
116,9,6,4.02,4.67
117,30,9,4.31,6.47
118,11,10,4.38,7.57
119,10,7,4.13,5.26
120,21,3,3.53,2.98
121,6,5,3.89,4.07
122,19,7,4.13,5.29
123,22,16,4.71,11.08
124,14,6,4.02,4.7
125,19,8,NA,5.87
126,26,7,4.13,5.31
127,24,5,3.89,4.14
128,2,9,4.31,6.34
129,14,12,4.51,10.45
130,14,7,4.13,5.28
131,10,5,3.89,4.1
132,26,7,4.13,5.31
133,29,10,4.38,7.05
134,37,7,4.13,5.32
135,14,12,4.51,8.74
136,28,15,4.67,10.51
137,7,6,4.02,4.66
138,25,15,4.67,10.51
139,26,17,4.76,11.67
140,31,4,3.73,3.58
141,21,8,4.22,5.88
142,10,5,3.89,4.1
143,9,7,4.13,5.25
144,34,15,4.67,10.52
145,25,12,4.51,8.77
146,20,5,3.89,4.13
147,16,8,4.22,8.13
148,20,16,4.71,11.08
149,14,12,4.51,10.45
150,12,10,4.38,9.28
151,27,21,4.91,13.99
152,7,7,4.13,5.24
153,18,4,3.73,3.55
154,7,9,4.31,8.67
155,26,21,4.91,13.99
156,17,10,4.38,9.3
157,21,13,4.57,9.34
158,22,10,4.38,7.04
159,9,5,3.89,4.09
160,18,10,4.38,9.3
161,23,13,4.57,9.34
162,18,6,4.02,4.71
163,30,12,4.51,8.78
164,2,5,3.89,4.02
165,18,9,NA,8.72
166,16,15,4.67,10.48
167,27,13,4.57,9.35
168,11,9,4.31,8.7
169,5,4,3.73,3.48
170,4,7,4.13,5.21
171,5,7,4.13,5.22
172,35,12,4.51,8.22
173,18,5,3.89,4.13
174,17,18,4.8,13.94
175,31,11,4.45,8.2
176,17,5,3.89,4.13
177,28,13,NA,9.35
178,23,6,4.02,4.72
179,18,12,4.51,8.75
180,15,10,4.38,9.29
181,2,7,4.13,5.18
182,12,12,4.51,10.44
183,28,11,4.45,8.19
184,15,10,4.38,7.58
185,9,3,3.53,2.93
186,41,19,4.84,12.85
187,12,12,4.51,10.44
188,14,8,4.22,5.86
189,4,7,4.13,5.21
190,17,12,4.51,8.75
191,36,11,4.45,7.64
192,15,13,4.57,11.03
193,11,5,3.89,4.1
194,43,15,4.67,10.53
195,3,8,4.22,5.78
196,33,5,3.89,4.16
197,24,13,4.57,9.35
198,48,15,4.67,9.98
199,27,9,4.31,6.47
200,15,13,4.57,11.03
201,38,5,3.89,4.17
202,19,16,4.71,11.07
203,18,9,4.31,6.45
204,5,8,4.22,5.8
205,11,3,3.53,2.94
206,27,10,4.38,7.61
207,3,10,4.38,6.94
208,21,3,3.53,2.98
209,21,10,4.38,7.6
210,9,6,4.02,4.67
211,13,11,4.45,9.86
212,6,15,4.67,12.15
213,13,6,4.02,4.69
214,12,17,4.76,13.34
215,17,10,4.38,9.3
216,38,19,4.84,12.85
217,33,9,4.31,6.48
218,17,4,3.73,3.55
219,22,14,4.62,9.92
220,16,14,4.62,9.9
221,23,19,4.84,12.82
222,13,5,3.89,4.11
223,19,16,4.71,11.07
224,26,8,4.22,6.45
225,18,4,3.73,3.55
226,49,3,3.53,3.02
227,6,8,4.22,5.81
228,24,17,4.76,11.67
229,21,7,4.13,5.3
230,20,9,4.31,7.02
231,14,13,4.57,11.03
232,14,9,4.31,8.71
233,29,9,4.31,6.47
234,2,6,4.02,4.6
235,24,8,4.22,5.88
236,13,17,4.76,13.34
237,27,11,4.45,8.19
238,19,13,4.57,9.33
239,29,13,4.57,9.35
240,12,8,4.22,8.12
241,7,8,4.22,5.82
242,19,8,4.22,5.87
243,19,6,4.02,4.71
244,17,10,4.38,7.59
245,20,8,4.22,5.87
246,12,11,NA,8.15
247,10,7,NA,5.26
248,13,4,3.73,3.53
249,24,12,4.51,8.77
250,10,5,3.89,4.1
251,33,21,4.91,14
252,5,7,4.13,5.22
253,21,17,4.76,11.66
254,13,9,4.31,8.7
255,12,8,4.22,5.85
256,11,4,3.73,3.52
257,52,13,4.57,8.82
258,12,9,4.31,8.7
259,20,6,4.02,4.71
260,23,13,4.57,9.34
261,9,5,3.89,4.09
262,18,10,4.38,7.59
263,18,7,4.13,5.85
264,21,12,4.51,8.76
265,5,4,3.73,3.48
266,25,13,4.57,9.35
267,3,8,4.22,5.78
268,17,6,4.02,4.71
269,50,18,4.8,11.72
270,18,6,NA,4.71
271,16,13,4.57,9.32
272,22,15,4.67,10.5
273,10,7,4.13,5.26
274,21,11,4.45,8.18
275,21,12,NA,8.76
276,3,5,3.89,4.04
277,6,8,4.22,5.81
278,22,11,4.45,8.18
279,5,6,4.02,4.64
280,19,19,4.84,12.81
281,43,15,4.67,9.97
282,5,5,3.89,4.06
283,17,13,4.57,9.33
284,22,6,4.02,4.72
285,9,7,4.13,5.25
286,22,7,4.13,5.3
287,23,10,4.38,7.6
288,41,6,4.02,4.75
289,21,11,4.45,8.18
290,21,14,4.62,9.92
291,17,13,4.57,9.33
292,27,16,4.71,11.09
293,20,8,4.22,5.87
294,13,19,4.84,14.5
295,48,18,4.8,12.28
296,19,10,4.38,7.59
297,32,11,4.45,8.2
298,23,11,NA,8.18
299,13,16,4.71,12.76
300,7,18,NA,13.89
301,16,10,4.38,9.29
302,36,9,4.31,6.48
303,16,8,4.22,8.13
304,21,12,4.51,8.76
305,34,11,4.45,7.64
306,38,10,4.38,7.07
307,32,21,4.91,14
308,13,9,4.31,8.7
309,12,6,4.02,4.69
310,12,3,3.53,2.95
311,18,8,NA,6.43
312,6,16,4.71,12.73
313,39,17,4.76,11.69
314,15,11,4.45,8.16
315,26,8,4.22,5.89
316,15,16,4.71,12.77
317,7,5,3.89,4.08
318,13,7,NA,5.27
319,18,7,4.13,5.29
320,11,11,4.45,9.86
321,18,8,4.22,6.43
322,14,5,NA,4.12
323,46,7,4.13,5.34
324,41,12,4.51,8.79
325,18,11,4.45,9.88
326,10,7,4.13,5.26
327,11,10,4.38,9.28
328,8,5,3.89,4.09
329,18,12,4.51,8.75
330,23,13,4.57,9.34
331,7,3,3.53,2.92
332,20,7,4.13,5.29
333,9,4,3.73,3.51
334,19,12,4.51,8.75
335,11,3,3.53,2.94
336,34,17,4.76,11.68
337,33,6,4.02,4.74
338,35,4,3.73,3.58
339,25,9,4.31,6.47
340,16,5,3.89,4.12
341,13,5,3.89,4.11
342,37,12,4.51,8.22
343,2,7,4.13,5.18
344,26,12,4.51,8.77
345,30,4,3.73,3.57
346,2,8,4.22,5.76
347,5,19,4.84,14.46
348,23,7,4.13,5.3
349,34,17,4.76,11.68
350,27,11,4.45,8.19
351,28,13,4.57,9.35
352,12,11,4.45,9.86
353,13,3,NA,2.95
354,18,10,4.38,9.3
355,25,9,4.31,6.47
356,7,9,4.31,6.4
357,9,4,3.73,3.51
358,17,9,4.31,6.45
359,7,6,4.02,4.66
360,3,4,3.73,3.46
361,50,19,4.84,12.3
362,10,5,3.89,4.1
363,10,4,NA,3.52
364,13,12,NA,10.44
365,7,11,4.45,9.83
366,3,6,4.02,4.62
367,19,7,4.13,5.29
368,19,13,4.57,9.33
369,12,10,4.38,7.57
370,12,10,4.38,9.28
371,16,18,4.8,13.93
372,15,5,3.89,4.12
373,11,7,4.13,5.26
374,9,12,NA,10.43
375,17,19,NA,12.81
376,7,15,4.67,12.15
377,20,13,4.57,9.34
378,23,8,4.22,6.44
379,16,10,4.38,9.29
380,18,12,NA,8.75
381,19,11,4.45,8.17
382,16,5,3.89,4.12
383,5,6,4.02,4.64
384,9,15,4.67,12.17
385,10,5,3.89,4.1
386,9,10,4.38,9.27
387,39,19,NA,12.85
388,31,13,4.57,9.36
389,3,8,4.22,5.78
390,20,6,4.02,4.71
391,30,15,4.67,10.52
392,11,9,4.31,8.7
393,14,5,3.89,4.12
394,9,10,4.38,9.27
395,34,10,4.38,7.06
396,6,7,4.13,5.23
397,7,7,NA,5.24
398,21,17,4.76,11.66
399,21,13,4.57,9.34
400,15,8,4.22,8.13
401,14,17,4.76,13.35
402,15,14,4.62,11.61
403,14,11,NA,9.87
404,8,12,NA,10.42
405,22,8,4.22,5.88
406,19,14,4.62,9.91
407,13,5,3.89,4.11
408,17,21,4.91,15.68
409,15,7,4.13,5.28
410,8,7,4.13,5.25
411,13,13,NA,11.02
412,26,9,4.31,6.47
413,12,3,NA,2.95
414,1,9,4.31,6.3
415,29,8,4.22,6.45
416,40,8,4.22,5.91
417,18,10,4.38,9.3
418,21,6,4.02,4.72
419,6,7,4.13,5.23
420,3,8,4.22,5.78
421,27,13,4.57,9.35
422,15,11,4.45,8.16
423,8,12,4.51,10.42
424,2,8,4.22,5.76
425,46,8,4.22,5.92
426,15,6,4.02,4.7
427,4,9,4.31,6.37
428,24,12,4.51,8.77
429,29,8,4.22,5.89
430,20,11,4.45,8.18
431,4,5,3.89,4.05
432,48,10,4.38,7.08
433,5,6,4.02,4.64
434,3,9,4.31,6.36
435,15,5,3.89,4.12
436,21,13,4.57,9.34
437,35,7,4.13,5.32
438,21,7,4.13,5.3
439,46,12,4.51,8.24
440,37,16,4.71,11.11
441,13,11,4.45,8.15
442,15,4,3.73,3.54
443,26,7,4.13,5.31
444,16,16,4.71,11.06
445,6,4,3.73,3.49
446,16,9,4.31,8.71
447,4,8,4.22,5.79
448,22,12,4.51,8.76
449,21,10,NA,7.6
450,10,14,4.62,11.59
451,18,6,4.02,4.71
452,8,13,4.57,11
453,20,12,4.51,8.76
454,5,4,3.73,3.48
455,40,12,4.51,8.23
456,12,9,4.31,8.7
457,19,6,NA,4.71
458,20,11,4.45,8.18
459,3,7,NA,5.2
460,18,11,4.45,8.17
461,19,7,4.13,5.29
462,4,6,4.02,4.63
463,16,10,4.38,9.29
464,24,19,4.84,12.83
465,22,10,4.38,7.6
466,5,7,4.13,5.22
467,22,14,4.62,9.92
468,27,10,4.38,7.61
469,16,12,4.51,8.74
470,7,8,4.22,5.82
471,18,12,4.51,8.75
472,17,8,4.22,8.14
473,18,6,4.02,4.71
474,22,8,4.22,5.88
475,45,22,4.94,14.6
476,27,14,4.62,9.93
477,43,5,3.89,4.17
478,23,16,4.71,11.08
479,4,5,3.89,4.05
480,11,10,4.38,9.28
481,13,8,4.22,8.12
482,15,11,4.45,9.87
483,33,8,4.22,5.9
484,14,7,4.13,5.28
485,8,5,3.89,4.09
486,27,15,4.67,10.51
487,22,12,4.51,8.76
488,18,11,4.45,8.17
489,3,10,4.38,6.94
490,4,5,3.89,4.05
491,13,6,4.02,4.69
492,3,9,4.31,6.36
493,19,9,4.31,7.01
494,12,5,3.89,4.11
495,30,8,4.22,5.89
496,39,17,4.76,11.69
497,23,14,4.62,9.92
498,2,9,4.31,6.34
499,21,11,4.45,9.89
500,17,7,4.13,5.29
501,18,3,3.53,2.97
502,30,15,4.67,10.52
503,24,6,4.02,4.72
504,11,5,3.89,4.1
505,19,7,4.13,5.29
506,3,9,NA,6.36
507,18,12,4.51,8.75
508,48,22,4.94,14.6
509,24,14,4.62,9.93
510,45,11,NA,7.65
511,28,7,4.13,5.31
512,10,13,4.57,11.01
513,23,6,4.02,4.72
514,29,10,4.38,7.61
515,33,18,4.8,12.26
516,22,12,4.51,8.76
517,9,5,3.89,4.09
518,24,13,4.57,9.35
519,6,7,4.13,5.23
520,29,15,4.67,10.51
521,30,8,4.22,5.89
522,23,2,3.24,2.4
523,16,19,4.84,14.51
524,40,13,4.57,9.37
525,4,7,4.13,5.21
526,10,6,4.02,4.68
527,8,7,4.13,5.25
528,2,8,4.22,5.76
529,16,6,4.02,4.7
530,16,7,4.13,5.28
531,5,8,4.22,5.8
532,20,5,3.89,4.13
533,32,15,4.67,10.52
534,20,9,4.31,7.02
535,4,9,4.31,6.37
536,52,10,4.38,7.08
537,15,14,4.62,9.9
538,22,17,4.76,11.66
539,4,5,3.89,4.05
540,17,6,4.02,4.71
541,25,2,3.24,2.41
542,9,8,4.22,5.83
543,5,12,4.51,10.4
544,42,9,4.31,6.49
545,19,14,4.62,9.91
546,20,10,4.38,7.6
547,20,13,4.57,9.34
548,16,10,4.38,9.29
549,19,11,4.45,8.17
550,2,8,4.22,5.76
551,29,11,4.45,8.19
552,3,9,4.31,6.36
553,9,10,4.38,9.27
554,10,6,4.02,4.68
555,17,8,4.22,5.87
556,8,6,4.02,4.67
557,5,5,3.89,4.06
558,39,4,3.73,3.59
559,17,4,3.73,3.55
560,11,8,4.22,5.84
561,19,8,4.22,5.87
562,12,8,4.22,5.85
563,7,7,4.13,5.24
564,40,7,4.13,5.33
565,46,16,4.71,10.56
566,16,7,4.13,7.55
567,28,10,4.38,7.61
568,25,5,3.89,4.15
569,23,7,4.13,5.3
570,30,15,4.67,10.52
571,23,3,3.53,2.98
572,38,20,4.87,13.43
573,22,12,4.51,8.76
574,18,6,4.02,4.71
575,51,20,4.87,12.88
576,4,6,4.02,4.63
577,20,17,4.76,11.66
578,28,5,NA,4.15
579,15,14,4.62,9.9
580,16,6,4.02,4.7
581,22,14,4.62,9.92
582,21,10,4.38,7.6
583,25,4,3.73,3.57
584,5,5,3.89,4.06
585,19,12,4.51,8.75
586,5,4,3.73,3.48
587,5,6,4.02,4.64
588,38,23,4.97,15.17
589,20,9,4.31,7.02
590,7,7,4.13,5.24
591,28,20,4.87,13.41
592,8,12,NA,10.42
593,18,13,4.57,9.33
594,12,7,4.13,5.27
595,23,11,4.45,8.18
596,42,6,4.02,4.75
597,14,8,4.22,8.13
598,4,10,4.38,6.95
599,24,9,4.31,6.46
600,18,12,4.51,10.46
601,16,6,4.02,4.7
602,8,7,4.13,5.25
603,13,16,4.71,12.76
604,3,8,4.22,5.78
605,46,18,4.8,11.72
606,27,14,4.62,9.93
607,21,13,4.57,9.34
608,16,10,4.38,9.29
609,32,13,4.57,9.36
610,17,13,4.57,9.33
611,29,13,4.57,9.35
612,30,20,4.87,13.42
613,6,5,3.89,4.07
614,3,6,4.02,4.62
615,19,9,4.31,8.72
616,3,9,4.31,6.36
617,40,8,4.22,5.91
618,22,17,4.76,11.66
619,42,7,4.13,5.33
620,40,12,4.51,8.23
621,2,7,4.13,5.18
622,24,10,4.38,7.61
623,33,17,4.76,11.68
624,11,4,3.73,3.52
625,8,9,4.31,8.68
626,25,12,4.51,8.77
627,19,6,4.02,4.71
628,3,7,4.13,5.2
629,16,4,NA,3.54
630,13,4,3.73,3.53
631,31,21,4.91,14
632,30,13,4.57,9.36
633,14,11,4.45,9.87
634,31,18,NA,12.26
635,25,6,4.02,4.73
636,12,9,4.31,8.7
637,43,13,4.57,9.37
638,23,9,4.31,7.02
639,6,14,4.62,11.57
640,4,11,4.45,9.81
641,14,10,4.38,9.29
642,32,24,NA,15.74
643,6,8,4.22,5.81
644,45,10,4.38,7.07
645,23,3,3.53,2.98
646,23,8,4.22,5.88
647,18,10,4.38,9.3
648,26,11,4.45,8.19
649,16,10,4.38,9.29
650,19,12,NA,8.75
651,51,11,4.45,7.66
652,10,19,4.84,14.49
653,25,6,4.02,4.73
654,15,10,4.38,7.58
655,47,8,4.22,5.92
656,8,6,4.02,4.67
657,20,16,4.71,11.08
658,34,17,4.76,11.68
659,14,13,4.57,9.32
660,9,9,4.31,8.69
661,3,4,3.73,3.46
662,30,14,4.62,9.94
663,32,12,4.51,8.78
664,13,14,4.62,9.89
665,28,11,4.45,8.19
666,23,12,4.51,8.76
667,11,18,4.8,13.92
668,11,6,4.02,4.68
669,9,10,4.38,9.27
670,14,5,3.89,4.12
671,4,6,4.02,4.63
672,22,12,4.51,8.76
673,17,19,4.84,14.52
674,2,5,3.89,4.02
675,8,11,4.45,9.84
676,23,11,NA,8.18
677,36,15,4.67,9.96
678,48,20,4.87,12.88
679,39,21,4.91,14.01
680,45,15,4.67,9.97
681,14,5,3.89,4.12
682,6,5,3.89,4.07
683,10,9,4.31,8.69
684,17,18,4.8,13.94
685,32,14,4.62,9.94
686,20,7,4.13,5.29
687,20,10,4.38,7.6
688,4,9,4.31,6.37
689,30,16,4.71,11.1
690,6,5,3.89,4.07
691,13,10,4.38,9.28
692,27,10,4.38,7.61
693,23,7,4.13,5.3
694,18,12,4.51,10.46
695,19,11,4.45,8.17
696,11,17,4.76,13.34
697,21,9,4.31,7.02
698,47,21,4.91,14.02
699,31,8,4.22,5.9
700,20,14,4.62,9.92
701,34,13,4.57,9.36
702,37,21,4.91,14.01
703,14,16,4.71,12.77
704,11,11,4.45,9.86
705,18,8,4.22,6.43
706,2,5,3.89,4.02
707,6,16,4.71,12.73
708,37,8,4.22,5.9
709,26,10,4.38,9.32
710,3,5,3.89,4.04
711,21,6,4.02,4.72
712,32,9,NA,6.48
713,19,11,4.45,8.17
714,22,10,4.38,7.6
715,29,16,NA,11.09
716,10,8,4.22,8.11
717,20,6,4.02,4.71
718,6,7,NA,5.23
719,12,5,3.89,4.11
720,23,5,3.89,4.14
721,7,6,4.02,4.66
722,23,18,4.8,12.24
723,14,20,4.87,15.09
724,6,7,4.13,5.23
725,16,12,4.51,8.74
726,16,15,4.67,10.48
727,13,9,4.31,8.7
728,2,5,3.89,4.02
729,14,20,4.87,15.09
730,31,5,NA,4.16
731,47,10,4.38,7.08
732,9,13,4.57,11.01
733,24,9,4.31,6.46
734,6,10,4.38,9.25
735,19,19,4.84,12.81
736,2,9,NA,6.34
737,29,2,3.24,2.41
738,25,16,4.71,11.09
739,22,12,4.51,8.76
740,16,9,4.31,6.44
741,23,11,4.45,8.18
742,10,9,4.31,8.69
743,50,8,4.22,5.92
744,25,12,4.51,8.77
745,21,12,4.51,8.76
746,13,10,4.38,9.28
747,22,15,4.67,10.5
748,42,14,4.62,9.39
749,28,11,4.45,8.19
750,4,7,4.13,5.21
751,20,17,4.76,11.66
752,11,7,4.13,5.26
753,7,6,4.02,4.66
754,3,7,4.13,5.2
755,9,21,4.91,15.65
756,24,13,4.57,9.35
757,36,12,4.51,8.79
758,13,8,4.22,8.12
759,31,12,4.51,8.78
760,6,7,4.13,5.23
761,20,15,4.67,10.5
762,5,8,4.22,5.8
763,16,12,4.51,10.45
764,5,6,4.02,4.64
765,4,10,4.38,9.23
766,7,5,3.89,4.08
767,13,5,3.89,4.11
768,4,5,3.89,4.05
769,19,8,4.22,5.87
770,27,7,4.13,5.31
771,14,6,NA,4.7
772,29,12,4.51,8.77
773,16,5,3.89,4.12
774,8,5,3.89,4.09
775,8,13,4.57,11
776,29,8,4.22,5.89
777,12,6,4.02,4.69
778,20,9,4.31,8.73
779,26,11,4.45,8.19
780,13,14,4.62,9.89
781,15,17,4.76,13.35
782,31,10,4.38,7.06
783,17,10,4.38,9.3
784,44,4,3.73,3.59
785,30,8,4.22,5.89
786,11,11,4.45,9.86
787,20,9,4.31,7.02
788,5,6,4.02,4.64
789,2,5,3.89,4.02
790,22,5,3.89,4.14
791,12,9,4.31,6.99
792,28,10,4.38,7.05
793,18,5,3.89,4.13
794,10,4,3.73,3.52
795,8,12,4.51,10.42
796,21,7,4.13,5.3
797,15,13,4.57,11.03
798,29,9,4.31,6.47
799,25,15,NA,10.51
800,18,9,4.31,8.72
801,15,14,4.62,9.9
802,14,6,4.02,4.7
803,24,11,4.45,8.19
804,25,11,4.45,8.19
805,14,6,4.02,4.7
806,9,13,4.57,11.01
807,21,10,4.38,7.6
808,23,7,4.13,5.3
809,10,13,4.57,11.01
810,16,8,4.22,5.86
811,13,11,4.45,9.86
812,6,6,4.02,4.65
813,24,11,NA,8.19
814,25,11,NA,8.19
815,16,8,4.22,5.86
816,23,5,NA,4.14
817,4,8,4.22,5.79
818,37,12,4.51,8.79
819,11,11,4.45,9.86
820,28,14,4.62,9.93
821,23,18,4.8,12.24
822,21,3,3.53,2.98
823,26,7,4.13,5.31
824,22,9,4.31,6.46
825,6,5,3.89,4.07
826,7,6,4.02,4.66
827,18,4,3.73,3.55
828,9,6,4.02,4.67
829,4,7,4.13,5.21
830,21,11,4.45,8.18
831,25,13,4.57,9.35
832,30,9,NA,6.47
833,28,10,4.38,7.61
834,26,8,4.22,5.89
835,7,16,4.71,12.73
836,34,7,4.13,5.32
837,10,6,4.02,4.68
838,24,10,4.38,7.04
839,20,7,4.13,5.29
840,15,4,3.73,3.54
841,15,13,4.57,11.03
842,11,5,3.89,4.1
843,2,5,3.89,4.02
844,12,11,4.45,9.86
845,36,20,4.87,13.43
846,19,11,4.45,8.17
847,14,7,4.13,5.28
848,24,13,4.57,9.35
849,23,12,4.51,8.76
850,17,11,4.45,9.88
851,16,12,4.51,10.45
852,30,13,4.57,9.36
853,16,8,4.22,8.13
854,7,12,4.51,10.41
855,11,15,4.67,12.18
856,29,10,4.38,7.05
857,15,13,4.57,9.32
858,9,6,4.02,4.67
859,23,9,4.31,6.46
860,5,8,4.22,5.8
861,2,6,4.02,4.6
862,10,9,4.31,8.69
863,5,4,3.73,3.48
864,26,12,4.51,8.77
865,16,11,4.45,9.87
866,34,12,4.51,8.78
867,38,15,4.67,10.53
868,36,24,NA,15.75
869,15,9,4.31,8.71
870,38,12,4.51,8.23
871,20,7,4.13,5.29
872,4,14,4.62,11.55
873,15,12,4.51,8.74
874,37,7,4.13,5.32
875,8,7,4.13,5.25
876,21,13,4.57,9.34
877,6,7,4.13,5.23
878,2,3,3.53,2.86
879,9,6,NA,4.67
880,11,11,4.45,9.86
881,14,8,4.22,8.13
882,14,6,4.02,4.7
883,30,9,4.31,6.47
884,22,6,4.02,4.72
885,26,15,4.67,10.51
886,30,14,4.62,9.94
887,26,10,4.38,7.61
888,31,11,4.45,8.2
889,28,10,4.38,7.05
890,18,13,4.57,9.33
891,8,11,4.45,9.84
892,36,11,4.45,7.64
893,5,5,3.89,4.06
894,16,10,4.38,7.58
895,21,13,4.57,9.34
896,12,8,4.22,8.12
897,31,15,4.67,10.52
898,2,8,4.22,5.76
899,39,17,4.76,11.13
900,21,13,4.57,9.34
901,19,7,4.13,5.29
902,24,8,4.22,5.88
903,3,5,3.89,4.04
904,7,9,4.31,8.67
905,24,13,4.57,9.35
906,28,20,4.87,13.41
907,21,7,4.13,5.3
908,39,17,4.76,11.69
909,38,18,4.8,12.27
910,16,8,4.22,8.13
911,28,23,4.97,15.15
912,9,8,4.22,8.11
913,16,10,4.38,7.58
914,20,9,4.31,6.45
915,7,10,4.38,9.25
916,25,8,4.22,5.89
917,54,8,4.22,5.92
918,38,19,4.84,12.85
919,14,19,4.84,14.51
920,14,9,4.31,8.71
921,10,9,4.31,8.69
922,12,15,4.67,12.18
923,25,10,4.38,7.61
924,32,22,4.94,14.58
925,20,12,4.51,8.76
926,36,10,4.38,7.06
927,32,12,4.51,8.78
928,25,11,4.45,8.19
929,3,6,4.02,4.62
930,27,7,4.13,5.31
931,6,6,4.02,4.65
932,24,10,4.38,7.61
933,23,21,4.91,13.98
934,24,9,4.31,6.46
935,10,11,4.45,9.85
936,26,17,4.76,11.67
937,13,13,4.57,11.02
938,12,7,4.13,7.54
939,13,13,4.57,11.02
940,41,5,3.89,4.17
941,20,10,4.38,7.6
942,24,10,4.38,7.61
943,34,11,4.45,7.64
944,24,13,NA,9.35
945,11,11,4.45,9.86
946,42,13,4.57,8.81
947,6,13,4.57,10.99
948,15,13,4.57,9.32
949,9,3,3.53,2.93
950,9,11,4.45,9.85
951,31,10,4.38,7.62
952,12,7,4.13,5.27
953,28,8,4.22,5.89
954,17,7,4.13,5.29
955,26,11,4.45,8.19
956,28,14,4.62,9.93
957,4,5,3.89,4.05
958,20,9,4.31,6.45
959,24,16,4.71,11.09
960,7,6,4.02,4.66
961,23,7,4.13,5.3
962,3,7,4.13,5.2
963,17,16,4.71,11.07
964,24,15,4.67,10.51
965,13,8,4.22,5.85
966,19,8,NA,6.43
967,41,11,4.45,7.65
968,21,5,3.89,4.14
969,23,12,4.51,8.76
970,10,10,4.38,9.27
971,17,10,4.38,7.59
972,27,14,4.62,9.93
973,10,5,3.89,4.1
974,24,6,4.02,4.72
975,23,8,4.22,5.88
976,12,5,3.89,4.11
977,22,10,4.38,7.6
978,47,5,3.89,4.18
979,3,7,4.13,5.2
980,25,11,4.45,8.19
981,11,10,4.38,9.28
982,22,12,4.51,8.76
983,27,12,4.51,8.77
984,5,7,4.13,5.22
985,12,11,4.45,9.86
986,6,6,4.02,4.65
987,22,7,4.13,5.3
988,12,8,4.22,5.85
989,23,8,NA,5.88
990,4,7,4.13,5.21
991,39,19,4.84,12.85
992,35,15,4.67,10.52
993,45,8,4.22,5.91
994,21,10,4.38,7.6
995,19,15,4.67,12.2
996,12,11,4.45,9.86
997,8,6,4.02,4.67
998,13,16,4.71,12.76
999,9,8,4.22,5.83
1000,3,3,3.53,2.88
1001,25,15,4.67,10.51
1002,5,5,3.89,4.06
1003,14,7,4.13,7.55
1004,7,9,4.31,6.4
1005,33,14,4.62,9.94
1006,28,19,4.84,12.83
1007,19,9,4.31,8.72
1008,16,14,4.62,9.9
1009,13,9,4.31,8.7
1010,10,3,3.53,2.94
1011,15,13,4.57,9.32
1012,9,10,4.38,9.27
1013,12,7,4.13,7.54
1014,28,21,4.91,13.99
1015,2,6,4.02,4.6
1016,17,9,4.31,6.45
1017,22,15,4.67,10.5
1018,10,7,4.13,5.26
1019,29,9,4.31,7.03
1020,21,13,4.57,9.34
1021,8,5,3.89,4.09
1022,9,4,3.73,3.51
1023,13,10,4.38,9.28
1024,32,8,4.22,5.9
1025,32,11,4.45,8.2
1026,25,9,4.31,6.47
1027,7,16,4.71,12.73
1028,15,9,4.31,8.71
1029,32,14,4.62,9.94
1030,15,10,4.38,9.29
1031,23,8,4.22,5.88
1032,7,6,NA,4.66
1033,24,17,4.76,11.67
1034,8,14,4.62,11.58
1035,9,8,4.22,8.11
1036,8,6,4.02,4.67
1037,13,12,4.51,10.44
1038,22,8,4.22,5.88
1039,39,6,NA,4.75
1040,23,10,4.38,9.31
1041,3,6,4.02,4.62
1042,29,11,4.45,8.19
1043,13,5,3.89,4.11
1044,17,4,NA,3.55
1045,14,11,4.45,9.87
1046,12,7,4.13,5.27
1047,38,4,3.73,3.59
1048,17,6,4.02,4.71
1049,35,18,4.8,12.26
1050,33,8,4.22,5.9
1051,33,9,4.31,6.48
1052,20,9,4.31,7.02
1053,35,21,4.91,14
1054,19,6,4.02,4.71
1055,3,7,4.13,5.2
1056,5,6,4.02,4.64
1057,4,5,3.89,4.05
1058,18,5,3.89,4.13
1059,7,7,4.13,5.24
1060,10,6,4.02,4.68
1061,10,12,4.51,10.43
1062,3,5,3.89,4.04
1063,12,10,4.38,9.28
1064,13,6,4.02,4.69
1065,16,21,4.91,15.67
1066,11,7,4.13,5.26
1067,3,8,4.22,5.78
1068,2,7,4.13,5.18
1069,19,12,4.51,8.75
1070,3,7,4.13,5.2
1071,17,10,4.38,9.3
1072,9,8,4.22,5.83
1073,15,10,4.38,9.29
1074,4,7,4.13,5.21
1075,7,9,4.31,8.67
1076,19,9,4.31,6.45
1077,8,5,3.89,4.09
1078,20,11,4.45,8.18
1079,8,5,3.89,4.09
1080,14,10,4.38,9.29
1081,9,4,3.73,3.51
1082,39,18,4.8,12.27
1083,26,8,4.22,5.89
1084,17,6,4.02,6.98
1085,28,10,4.38,7.61
1086,11,4,3.73,3.52
1087,27,10,4.38,7.61
1088,9,10,4.38,9.27
1089,30,9,4.31,7.04
1090,19,13,4.57,11.04
1091,11,9,4.31,8.7
1092,13,18,4.8,13.92
1093,23,12,4.51,8.76
1094,7,6,4.02,4.66
1095,27,13,4.57,9.35
1096,28,11,4.45,8.19
1097,18,6,4.02,4.71
1098,11,15,4.67,12.18
1099,16,7,4.13,5.28
1100,16,11,4.45,8.16
1101,7,5,3.89,4.08
1102,14,11,4.45,9.87
1103,3,4,3.73,3.46
1104,11,8,4.22,8.12
1105,14,5,3.89,4.12
1106,26,15,4.67,10.51
1107,17,10,4.38,7.59
1108,7,7,4.13,5.24
1109,17,5,3.89,4.13
1110,20,13,4.57,9.34
1111,25,11,4.45,8.19
1112,30,8,4.22,6.46
1113,10,12,4.51,10.43
1114,26,13,4.57,9.35
1115,19,11,4.45,8.17
1116,16,5,3.89,4.12
1117,12,10,4.38,7.57
1118,23,14,4.62,9.92
1119,4,5,3.89,4.05
1120,11,13,4.57,11.02
1121,17,5,3.89,4.13
1122,23,8,4.22,5.88
1123,14,5,3.89,4.12
1124,31,10,NA,7.06
1125,23,9,4.31,6.46
1126,19,11,4.45,8.17
1127,3,7,4.13,5.2
1128,11,5,3.89,4.1
1129,14,4,3.73,3.54
1130,17,12,4.51,8.75
1131,5,9,4.31,6.38
1132,8,5,3.89,4.09
1133,8,5,3.89,4.09
1134,35,13,4.57,9.36
1135,19,8,4.22,5.87
1136,21,10,4.38,7.6
1137,18,10,4.38,7.59
1138,10,10,4.38,9.27
1139,3,7,4.13,5.2
1140,6,8,4.22,5.81
1141,22,13,4.57,9.34
1142,11,4,3.73,3.52
1143,16,6,4.02,4.7
1144,19,9,4.31,8.72
1145,3,8,NA,5.78
1146,4,7,4.13,5.21
1147,22,12,4.51,8.76
1148,30,10,4.38,7.05
1149,21,6,4.02,4.72
1150,16,14,4.62,11.61
1151,3,7,4.13,5.2
1152,4,9,4.31,6.37
1153,8,6,4.02,4.67
1154,19,5,3.89,4.13
1155,12,8,4.22,5.85
1156,13,3,3.53,2.95
1157,21,12,4.51,8.76
1158,27,15,4.67,10.51
1159,23,13,4.57,9.34
1160,23,12,4.51,8.76
1161,11,10,4.38,9.28
1162,7,9,4.31,8.67
1163,13,3,3.53,2.95
1164,17,12,4.51,8.75
1165,24,13,4.57,9.35
1166,19,9,4.31,8.72
1167,37,11,NA,7.64
1168,25,13,NA,9.35
1169,29,10,4.38,7.61
1170,24,10,4.38,7.61
1171,15,13,4.57,9.32
1172,46,12,4.51,8.24
1173,47,12,NA,8.24
1174,29,23,4.97,15.15
1175,27,12,4.51,8.77
1176,12,12,4.51,10.44
1177,34,12,4.51,8.78
1178,23,12,4.51,8.76
1179,22,8,NA,5.88
1180,14,10,4.38,9.29
1181,33,15,4.67,10.52
1182,15,16,4.71,11.06
1183,7,7,4.13,5.24
1184,32,10,4.38,7.06
1185,19,7,4.13,5.29
1186,11,11,4.45,9.86
1187,5,12,4.51,10.4
1188,26,9,4.31,6.47
1189,33,17,4.76,11.68
1190,17,11,4.45,8.17
1191,9,9,4.31,8.69
1192,17,5,3.89,4.13
1193,6,11,4.45,9.83
1194,3,7,4.13,5.2
1195,11,3,3.53,2.94
1196,7,8,4.22,5.82
1197,15,6,4.02,4.7
1198,27,13,4.57,9.35
1199,33,10,4.38,7.62
1200,51,7,4.13,5.34
1201,23,16,4.71,11.08
1202,36,14,4.62,9.38
1203,7,6,4.02,4.66
1204,4,6,4.02,4.63
1205,13,7,4.13,7.54
1206,8,6,4.02,4.67
1207,20,8,4.22,5.87
1208,13,9,4.31,8.7
1209,6,10,4.38,6.97
1210,20,8,4.22,5.87
1211,12,8,4.22,5.85
1212,15,12,4.51,10.45
1213,23,9,4.31,6.46
1214,38,10,4.38,7.07
1215,6,6,4.02,4.65
1216,5,11,4.45,9.82
1217,26,15,4.67,10.51
1218,39,3,3.53,3.01
1219,16,3,3.53,2.96
1220,18,11,4.45,8.17
1221,21,10,4.38,7.6
1222,23,4,3.73,3.56
1223,9,10,4.38,9.27
1224,25,8,4.22,5.89
1225,28,23,4.97,15.15
1226,13,6,4.02,4.69
1227,20,3,3.53,2.97
1228,6,5,3.89,4.07
1229,3,9,4.31,6.36
1230,3,8,4.22,5.78
1231,16,13,4.57,9.32
1232,10,9,4.31,8.69
1233,12,5,3.89,4.11
1234,16,15,4.67,10.48
1235,6,6,4.02,4.65
1236,8,12,4.51,10.42
1237,30,9,4.31,6.47
1238,49,10,4.38,7.08
1239,3,9,4.31,6.36
1240,19,16,4.71,11.07
1241,12,3,3.53,2.95
1242,17,7,4.13,7.56
1243,13,12,4.51,10.44
1244,3,10,NA,6.94
1245,19,8,4.22,5.87
1246,17,6,NA,4.71
1247,19,15,4.67,10.49
1248,8,5,3.89,4.09
1249,5,5,3.89,4.06
1250,24,9,4.31,7.03
1251,10,6,4.02,4.68
1252,32,17,4.76,11.68
1253,29,7,4.13,5.31
1254,4,7,4.13,5.21
1255,17,5,3.89,4.13
1256,9,6,4.02,4.67
1257,14,5,3.89,4.12
1258,41,12,4.51,8.23
1259,9,10,4.38,9.27
1260,3,8,4.22,5.78
1261,13,6,4.02,4.69
1262,24,14,4.62,9.93
1263,15,5,3.89,4.12
1264,11,9,4.31,8.7
1265,16,9,4.31,7
1266,16,7,4.13,5.28
1267,17,6,4.02,6.98
1268,12,13,4.57,11.02
1269,19,17,4.76,11.65
1270,6,11,4.45,9.83
1271,18,7,4.13,5.29
1272,10,7,4.13,5.26
1273,24,9,4.31,6.46
1274,10,10,4.38,9.27
1275,5,7,4.13,5.22
1276,4,7,4.13,5.21
1277,23,8,4.22,5.88
1278,16,10,4.38,9.29
1279,32,13,4.57,9.36
1280,2,4,NA,3.44
1281,9,8,4.22,5.83
1282,3,10,4.38,6.94
1283,32,16,NA,11.1
1284,9,6,NA,4.67
1285,6,7,4.13,5.23
1286,16,11,4.45,8.16
1287,25,16,4.71,11.09
1288,26,19,4.84,12.83
1289,19,9,4.31,7.01
1290,18,7,4.13,5.29
1291,31,11,4.45,8.2
1292,9,16,4.71,12.75
1293,7,6,4.02,4.66
1294,20,10,4.38,7.6
1295,18,7,4.13,5.29
1296,29,13,4.57,9.35
1297,14,6,4.02,4.7
1298,15,8,4.22,8.13
1299,3,9,4.31,6.36
1300,12,17,4.76,13.34
1301,28,7,4.13,5.31
1302,17,11,4.45,8.17
1303,28,12,4.51,8.77
1304,23,8,4.22,5.88
1305,9,7,NA,5.25
1306,8,5,3.89,4.09
1307,14,6,4.02,4.7
1308,16,9,4.31,7
1309,44,11,4.45,8.22
1310,27,8,4.22,5.89
1311,8,9,4.31,8.68
1312,24,11,4.45,8.19
1313,16,10,4.38,9.29
1314,7,10,4.38,9.25
1315,14,6,4.02,4.7
1316,21,7,4.13,5.3
1317,37,12,4.51,8.22
1318,17,19,4.84,14.52
1319,36,13,4.57,9.37
1320,5,7,4.13,5.22
1321,51,4,3.73,3.6
1322,2,6,4.02,4.6
1323,6,6,4.02,4.65
1324,4,9,4.31,6.37
1325,21,12,4.51,8.76
1326,23,7,4.13,5.3
1327,45,6,4.02,4.75
1328,18,15,4.67,10.49
1329,5,7,4.13,5.22
1330,7,6,4.02,4.66
1331,22,7,NA,5.3
1332,25,8,4.22,6.45
1333,8,8,4.22,5.83
1334,36,14,4.62,9.95
1335,17,13,4.57,9.33
1336,21,14,4.62,9.92
1337,8,13,4.57,11
1338,17,7,4.13,7.56
1339,15,5,3.89,4.12
1340,11,4,3.73,3.52
1341,29,9,4.31,6.47
1342,46,15,4.67,9.98
1343,28,9,4.31,7.03
1344,11,10,4.38,9.28
1345,4,7,4.13,5.21
1346,6,6,4.02,4.65
1347,7,8,4.22,5.82
1348,13,5,3.89,4.11
1349,23,12,4.51,8.76
1350,14,9,4.31,7
1351,36,18,4.8,12.27
1352,15,3,3.53,2.96
1353,24,22,4.94,14.57
1354,5,6,4.02,4.64
1355,3,9,4.31,6.36
1356,18,9,4.31,7.01
1357,2,7,4.13,5.18
1358,29,10,4.38,7.61
1359,10,7,4.13,5.26
1360,36,7,4.13,5.32
1361,4,3,3.53,2.89
1362,30,19,4.84,12.84
1363,20,12,4.51,8.76
1364,14,7,4.13,5.28
1365,18,7,4.13,5.29
1366,17,10,4.38,9.3
1367,8,13,4.57,11
1368,40,12,4.51,8.23
1369,3,5,3.89,4.04
1370,15,5,3.89,4.12
1371,17,11,4.45,8.17
1372,13,5,3.89,4.11
1373,5,6,4.02,4.64
1374,10,9,4.31,8.69
1375,9,7,4.13,5.25
1376,26,8,4.22,5.89
1377,18,7,NA,5.29
1378,32,14,4.62,9.94
1379,9,8,4.22,5.83
1380,12,13,4.57,11.02
1381,21,8,4.22,5.88
1382,9,19,4.84,14.49
1383,15,6,4.02,4.7
1384,11,9,4.31,8.7
1385,30,14,4.62,9.94
1386,4,7,4.13,5.21
1387,5,6,4.02,4.64
1388,10,4,3.73,3.52
1389,20,11,4.45,8.18
1390,25,15,4.67,10.51
1391,26,10,4.38,7.61
1392,20,16,4.71,11.08
1393,29,8,4.22,5.89
1394,39,19,4.84,12.85
1395,19,10,4.38,7.59
1396,27,10,4.38,7.61
1397,18,18,4.8,12.23
1398,28,6,4.02,4.73
1399,8,4,3.73,3.51
1400,50,7,4.13,5.34
1401,4,5,3.89,4.05
1402,3,9,4.31,6.36
1403,22,19,4.84,12.82
1404,28,18,4.8,12.25
1405,34,11,4.45,7.64
1406,3,7,4.13,5.2
1407,31,19,4.84,12.84
1408,19,5,3.89,4.13
1409,16,5,3.89,4.12
1410,29,13,4.57,9.35
1411,5,4,3.73,3.48
1412,12,18,4.8,13.92
1413,22,9,4.31,6.46
1414,23,9,4.31,7.02
1415,5,5,3.89,4.06
1416,13,10,4.38,9.28
1417,20,12,4.51,8.76
1418,25,9,4.31,6.47
1419,23,8,4.22,5.88
1420,28,15,4.67,10.51
1421,4,7,4.13,5.21
1422,13,5,3.89,4.11
1423,19,15,4.67,10.49
1424,15,8,4.22,8.13
1425,22,9,4.31,7.02
1426,4,6,4.02,4.63
1427,15,15,4.67,10.48
1428,4,6,4.02,4.63
1429,13,7,4.13,5.27
1430,8,8,4.22,5.83
1431,13,11,4.45,8.15
1432,16,5,3.89,4.12
1433,2,5,3.89,4.02
1434,38,8,NA,5.91
1435,33,12,4.51,8.78
1436,42,20,4.87,13.43
1437,19,4,3.73,3.55
1438,41,13,4.57,8.81
1439,49,12,4.51,8.24
1440,24,12,4.51,8.77
1441,10,11,4.45,9.85
1442,11,5,3.89,4.1
1443,26,10,4.38,7.61
1444,47,7,4.13,5.34
1445,2,8,4.22,5.76
1446,26,10,4.38,7.61
1447,15,14,4.62,9.9
1448,20,10,4.38,7.6
1449,26,16,4.71,11.09
1450,10,17,NA,13.33
1451,3,7,4.13,5.2
1452,21,16,4.71,11.08
1453,7,3,3.53,2.92
1454,27,15,4.67,10.51
1455,21,8,4.22,6.44
1456,6,9,4.31,6.39
1457,17,12,4.51,10.46
1458,27,8,4.22,5.89
1459,23,14,4.62,9.92
1460,30,5,3.89,4.15
1461,26,8,4.22,6.45
1462,32,7,4.13,5.32
1463,13,10,4.38,7.57
1464,23,12,4.51,8.76
1465,4,6,4.02,4.63
1466,42,4,3.73,3.59
1467,18,6,4.02,4.71
1468,19,5,3.89,4.13
1469,15,10,4.38,9.29
1470,36,19,4.84,12.85
1471,2,8,4.22,5.76
1472,17,12,4.51,8.75
1473,28,11,4.45,8.19
1474,9,6,4.02,4.67
1475,15,13,4.57,9.32
1476,15,7,4.13,7.55
1477,40,20,4.87,13.43
1478,17,9,4.31,8.72
1479,18,6,4.02,4.71
1480,14,6,4.02,4.7
1481,4,6,4.02,4.63
1482,7,7,4.13,5.24
1483,29,14,4.62,9.93
1484,3,4,3.73,3.46
1485,10,8,4.22,5.84
1486,28,9,4.31,7.03
1487,7,5,3.89,4.08
1488,20,6,4.02,4.71
1489,26,12,4.51,8.77
1490,19,8,4.22,5.87
1491,15,3,3.53,2.96
1492,18,11,NA,8.17
1493,10,7,4.13,5.26
1494,6,7,4.13,5.23
1495,9,6,4.02,4.67
1496,9,10,4.38,9.27
1497,7,4,3.73,3.5
1498,19,7,4.13,5.29
1499,20,9,4.31,8.73
1500,17,8,4.22,5.87
1501,15,7,4.13,5.28
1502,35,9,4.31,6.48
1503,23,17,4.76,11.66
1504,29,13,4.57,9.35
1505,13,12,4.51,10.44
1506,17,5,3.89,4.13
1507,17,4,3.73,3.55
1508,1,10,4.38,6.88
1509,17,3,3.53,2.97
1510,14,6,4.02,4.7
1511,9,7,4.13,5.25
1512,30,17,4.76,11.68
1513,17,7,4.13,5.29
1514,28,7,4.13,5.31
1515,15,10,4.38,9.29
1516,12,5,3.89,4.11
1517,17,9,4.31,8.72
1518,49,14,4.62,9.96
1519,16,5,3.89,4.12
1520,25,14,4.62,9.93
1521,25,10,4.38,7.61
1522,14,9,4.31,8.71
1523,11,13,NA,11.02
1524,8,6,4.02,4.67
1525,14,11,4.45,9.87
1526,11,9,4.31,8.7
1527,17,9,4.31,8.72
1528,16,9,4.31,8.71
1529,3,8,4.22,5.78
1530,15,10,4.38,7.58
1531,4,8,4.22,5.79
1532,30,10,4.38,7.62
1533,18,14,4.62,9.91
1534,5,5,3.89,4.06
1535,10,9,4.31,8.69
1536,5,5,3.89,4.06
1537,44,15,4.67,9.97
1538,14,10,4.38,9.29
1539,28,14,4.62,9.93
1540,18,15,4.67,10.49
1541,16,10,4.38,9.29
1542,29,6,4.02,4.73
1543,13,12,4.51,10.44
1544,23,10,NA,7.04
1545,11,17,NA,13.34
1546,14,5,3.89,4.12
1547,18,9,4.31,7.01
1548,26,11,4.45,8.19
1549,12,11,4.45,9.86
1550,25,9,4.31,6.47
1551,12,7,4.13,5.27
1552,8,12,4.51,10.42
1553,16,13,4.57,9.32
1554,22,6,4.02,4.72
1555,20,11,4.45,8.18
1556,4,5,3.89,4.05
1557,14,4,3.73,3.54
1558,13,3,3.53,2.95
1559,20,12,4.51,8.76
1560,29,16,4.71,11.09
1561,13,5,3.89,4.11
1562,25,12,4.51,8.77
1563,21,5,3.89,4.14
1564,11,11,4.45,9.86
1565,13,14,4.62,11.6
1566,17,6,4.02,4.71
1567,12,4,3.73,3.53
1568,19,9,4.31,8.72
1569,21,10,4.38,7.04
1570,5,7,4.13,5.22
1571,26,17,4.76,11.67
1572,37,21,4.91,14.01
1573,10,7,4.13,5.26
1574,15,9,4.31,8.71
1575,13,4,3.73,3.53
1576,20,11,4.45,8.18
1577,18,11,4.45,8.17
1578,28,15,4.67,10.51
1579,21,12,4.51,8.76
1580,33,6,4.02,4.74
1581,14,9,4.31,8.71
1582,54,7,4.13,5.34
1583,10,6,4.02,4.68
1584,14,8,4.22,5.86
1585,17,5,3.89,4.13
1586,8,6,4.02,4.67
1587,22,11,4.45,8.18
1588,33,9,4.31,6.48
1589,8,6,4.02,4.67
1590,4,7,4.13,5.21
1591,18,12,4.51,10.46
1592,3,7,4.13,5.2
1593,20,9,4.31,6.45
1594,25,11,4.45,8.19
1595,16,11,4.45,9.87
1596,27,13,4.57,9.35
1597,14,7,4.13,5.28
1598,29,9,4.31,6.47
1599,33,11,4.45,7.64
1600,29,10,4.38,7.61
1601,24,7,4.13,5.3
1602,17,11,4.45,8.17
1603,11,10,4.38,9.28
1604,25,12,4.51,8.77
1605,22,13,4.57,9.34
1606,21,11,4.45,8.18
1607,7,8,4.22,8.09
1608,33,12,4.51,8.78
1609,19,12,4.51,8.75
1610,29,16,4.71,11.09
1611,13,8,4.22,5.85
1612,25,7,4.13,5.31
1613,19,8,4.22,5.87
1614,25,7,4.13,5.31
1615,28,12,4.51,8.77
1616,13,15,4.67,12.18
1617,23,19,4.84,12.82
1618,21,13,4.57,9.34
1619,13,5,3.89,4.11
1620,4,6,4.02,4.63
1621,18,3,3.53,2.97
1622,11,3,3.53,2.94
1623,38,12,4.51,8.23
1624,23,14,4.62,9.92
1625,24,13,4.57,9.35
1626,15,18,4.8,13.93
1627,41,22,4.94,14.59
1628,23,15,4.67,10.5
1629,31,11,4.45,8.2
1630,43,16,4.71,10.55
1631,11,10,4.38,9.28
1632,12,9,4.31,6.99
1633,23,10,4.38,7.04
1634,20,8,NA,5.87
1635,16,7,4.13,7.55
1636,16,10,4.38,9.29
1637,25,10,4.38,7.61
1638,18,11,4.45,8.17
1639,2,6,4.02,4.6
1640,7,7,4.13,5.24
1641,16,16,4.71,12.77
1642,12,7,NA,5.27
1643,18,12,4.51,8.75
1644,5,6,NA,4.64
1645,13,19,4.84,14.5
1646,18,15,4.67,10.49
1647,16,7,4.13,7.55
1648,15,6,4.02,4.7
1649,19,9,4.31,7.01
1650,11,7,4.13,5.26
1651,25,6,4.02,4.73
1652,14,4,3.73,3.54
1653,17,6,4.02,4.71
1654,7,14,4.62,11.57
1655,34,21,4.91,14
1656,9,9,4.31,8.69
1657,34,8,4.22,5.9
1658,35,13,4.57,8.8
1659,12,12,4.51,10.44
1660,17,9,4.31,8.72
1661,8,9,4.31,8.68
1662,21,11,4.45,8.18
1663,5,4,3.73,3.48
1664,45,22,4.94,14.6
1665,11,13,4.57,11.02
1666,29,8,4.22,5.89
1667,10,10,4.38,9.27
1668,16,8,4.22,5.86
1669,15,17,4.76,13.35
1670,18,8,4.22,8.14
1671,4,8,4.22,5.79
1672,14,9,4.31,8.71
1673,8,10,4.38,9.26
1674,9,4,3.73,3.51
1675,50,20,4.87,12.88
1676,7,3,3.53,2.92
1677,11,14,4.62,11.6
1678,5,7,4.13,5.22
1679,23,14,4.62,9.92
1680,2,7,4.13,5.18
1681,8,7,4.13,5.25
1682,23,14,4.62,9.92
1683,23,14,4.62,9.92
1684,28,11,4.45,8.19
1685,30,12,4.51,8.78
1686,31,15,4.67,10.52
1687,13,13,4.57,11.02
1688,3,10,4.38,6.94
1689,24,10,4.38,7.61
1690,18,16,4.71,11.07
1691,23,6,4.02,4.72
1692,25,18,4.8,12.25
1693,3,9,4.31,6.36
1694,11,16,4.71,12.76
1695,18,5,3.89,4.13
1696,7,5,3.89,4.08
1697,12,4,3.73,3.53
1698,16,5,3.89,4.12
1699,16,8,4.22,8.13
1700,12,19,4.84,14.5
1701,17,6,4.02,4.71
1702,12,4,3.73,3.53
1703,24,11,4.45,8.19
1704,20,8,4.22,5.87
1705,33,6,4.02,4.74
1706,23,9,4.31,6.46
1707,9,7,4.13,5.25
1708,20,7,4.13,5.29
1709,29,12,4.51,8.77
1710,14,10,4.38,9.29
1711,29,4,3.73,3.57
1712,9,7,4.13,5.25
1713,16,10,4.38,9.29
1714,5,7,4.13,5.22
1715,19,13,4.57,9.33
1716,41,4,3.73,3.59
1717,23,11,4.45,8.18
1718,23,9,4.31,6.46
1719,27,13,4.57,9.35
1720,4,3,3.53,2.89
1721,11,18,4.8,13.92
1722,23,15,4.67,10.5
1723,13,7,4.13,5.27
1724,32,17,4.76,11.68
1725,28,13,4.57,9.35
1726,13,5,3.89,4.11
1727,6,6,4.02,4.65
1728,5,4,3.73,3.48
1729,3,8,4.22,5.78
1730,50,9,4.31,6.5
1731,21,12,4.51,8.76
1732,10,4,3.73,3.52
1733,21,12,4.51,8.76
1734,19,6,4.02,4.71
1735,20,5,3.89,4.13
1736,40,7,4.13,5.33
1737,38,21,4.91,14.01
1738,28,11,4.45,8.19
1739,44,12,4.51,8.23
1740,25,13,4.57,9.35
1741,11,8,4.22,8.12
1742,23,9,4.31,7.02
1743,21,9,4.31,7.02
1744,10,5,3.89,4.1
1745,16,4,3.73,3.54
1746,18,8,4.22,8.14
1747,51,12,4.51,8.8
1748,26,11,4.45,8.19
1749,14,5,3.89,4.12
1750,14,12,4.51,10.45
1751,21,6,4.02,4.72
1752,5,8,4.22,5.8
1753,22,9,4.31,7.02
1754,43,19,4.84,12.85
1755,8,6,4.02,4.67
1756,16,5,3.89,4.12
1757,33,22,4.94,14.58
1758,12,12,4.51,10.44
1759,8,6,4.02,4.67
1760,23,13,4.57,9.34
1761,23,6,4.02,4.72
1762,9,14,4.62,11.59
1763,15,6,4.02,4.7
1764,21,8,4.22,6.44
1765,3,4,3.73,3.46
1766,7,8,4.22,8.09
1767,5,10,4.38,6.96
1768,20,7,NA,5.29
1769,27,8,4.22,5.89
1770,18,9,4.31,8.72
1771,13,8,4.22,5.85
1772,21,10,4.38,7.6
1773,17,14,4.62,9.91
1774,3,7,4.13,5.2
1775,2,4,3.73,3.44
1776,16,9,4.31,8.71
1777,12,8,4.22,8.12
1778,12,6,4.02,4.69
1779,17,9,4.31,8.72
1780,5,7,NA,5.22
1781,14,9,4.31,8.71
1782,26,4,3.73,3.57
1783,9,9,NA,6.41
1784,14,10,4.38,7.58
1785,17,13,4.57,9.33
1786,16,7,4.13,5.28
1787,39,19,4.84,12.85
1788,17,8,4.22,5.87
1789,23,11,4.45,8.18
1790,16,13,4.57,9.32
1791,17,10,4.38,9.3
1792,2,5,3.89,4.02
1793,12,12,4.51,10.44
1794,5,10,4.38,9.24
1795,3,5,3.89,4.04
1796,30,14,NA,9.94
1797,38,20,4.87,13.43
1798,10,7,4.13,5.26
1799,8,10,4.38,9.26
1800,5,7,4.13,5.22
1801,33,13,4.57,9.36
1802,47,4,3.73,3.6
1803,24,7,4.13,5.3
1804,33,19,4.84,12.84
1805,6,9,4.31,8.67
1806,16,9,4.31,8.71
1807,21,11,4.45,8.18
1808,22,10,4.38,7.6
1809,44,9,4.31,6.49
1810,7,6,4.02,4.66
1811,25,9,4.31,7.03
1812,25,16,4.71,11.09
1813,29,9,4.31,6.47
1814,45,19,4.84,12.86
1815,15,10,4.38,9.29
1816,21,9,4.31,6.46
1817,47,13,4.57,8.82
1818,16,9,4.31,8.71
1819,20,7,4.13,5.29
1820,40,7,4.13,5.33
1821,16,8,4.22,8.13
1822,21,15,4.67,10.5
1823,36,5,3.89,4.16
1824,21,9,4.31,6.46
1825,24,8,4.22,5.88
1826,11,7,4.13,5.26
1827,4,7,4.13,5.21
1828,26,8,4.22,6.45
1829,17,14,4.62,9.91
1830,7,7,4.13,5.24
1831,21,13,4.57,9.34
1832,27,8,4.22,5.89
1833,27,17,4.76,11.67
1834,30,10,4.38,7.05
1835,21,10,4.38,7.6
1836,12,5,3.89,4.11
1837,22,5,3.89,4.14
1838,24,19,4.84,12.83
1839,3,4,NA,3.46
1840,3,6,4.02,4.62
1841,9,7,4.13,5.25
1842,11,9,4.31,8.7
1843,15,15,4.67,10.48
1844,19,6,4.02,4.71
1845,4,6,4.02,4.63
1846,19,10,4.38,7.59
1847,27,6,4.02,4.73
1848,33,7,4.13,5.32
1849,41,5,3.89,4.17
1850,34,15,4.67,10.52
1851,29,10,4.38,7.05
1852,52,8,4.22,5.92
1853,16,7,4.13,5.28
1854,14,20,4.87,15.09
1855,40,14,4.62,9.95
1856,3,18,4.8,13.85
1857,3,8,4.22,5.78
1858,23,12,4.51,8.76
1859,17,5,3.89,4.13
1860,25,9,4.31,6.47
1861,18,9,4.31,8.72
1862,35,11,4.45,7.64
1863,38,6,4.02,4.75
1864,8,8,4.22,5.83
1865,12,6,4.02,4.69
1866,11,7,4.13,5.26
1867,13,10,4.38,9.28
1868,39,13,4.57,8.81
1869,45,7,4.13,5.33
1870,11,5,3.89,4.1
1871,22,14,4.62,9.92
1872,26,15,NA,10.51
1873,15,11,4.45,8.16
1874,26,17,4.76,11.67
1875,11,8,4.22,8.12
1876,20,11,4.45,8.18
1877,25,8,4.22,5.89
1878,21,10,4.38,7.6
1879,8,6,4.02,4.67
1880,35,7,4.13,5.32
1881,18,8,4.22,5.87
1882,10,7,4.13,7.53
1883,22,15,4.67,10.5
1884,11,5,3.89,4.1
1885,4,6,4.02,4.63
1886,11,5,NA,4.1
1887,30,16,4.71,11.1
1888,42,7,4.13,5.33
1889,13,10,4.38,9.28
1890,19,10,4.38,7.59
1891,22,18,4.8,12.24
1892,7,16,4.71,12.73
1893,20,8,4.22,5.87
1894,26,9,4.31,6.47
1895,22,7,4.13,5.3
1896,14,10,4.38,9.29
1897,19,7,4.13,5.29
1898,23,21,4.91,13.98
1899,16,5,3.89,4.12
1900,23,12,4.51,8.76
1901,23,13,4.57,9.34
1902,53,17,4.76,11.14
1903,31,15,4.67,10.52
1904,18,6,4.02,4.71
1905,17,7,4.13,5.29
1906,24,9,4.31,6.46
1907,14,5,3.89,4.12
1908,9,7,4.13,5.25
1909,5,6,4.02,4.64
1910,32,8,4.22,5.9
1911,6,3,3.53,2.91
1912,14,6,NA,4.7
1913,24,19,4.84,12.83
1914,3,7,4.13,5.2
1915,14,21,4.91,15.67
1916,13,17,4.76,13.34
1917,40,13,4.57,8.81
1918,6,6,4.02,4.65
1919,12,8,4.22,8.12
1920,27,9,4.31,6.47
1921,22,8,4.22,5.88
1922,40,10,4.38,7.07
1923,17,14,4.62,9.91
1924,16,8,4.22,5.86
1925,35,4,3.73,3.58
1926,7,5,3.89,4.08
1927,38,13,4.57,8.81
1928,22,9,4.31,7.02
1929,33,14,4.62,9.94
1930,29,7,4.13,5.31
1931,12,9,4.31,8.7
1932,15,7,4.13,7.55
1933,32,22,4.94,14.58
1934,15,14,4.62,9.9
1935,6,8,4.22,8.09
1936,6,5,3.89,4.07
1937,25,12,4.51,8.77
1938,2,7,4.13,5.18
1939,21,7,4.13,5.3
1940,49,9,4.31,6.5
1941,16,11,4.45,9.87
1942,12,16,4.71,12.76
1943,8,6,4.02,4.67
1944,24,8,4.22,6.45
1945,7,7,4.13,5.24
1946,8,5,3.89,4.09
1947,10,4,3.73,3.52
1948,15,12,4.51,8.74
1949,16,11,4.45,9.87
1950,4,7,4.13,5.21
1951,5,9,4.31,8.66
1952,18,3,3.53,2.97
1953,40,4,3.73,3.59
1954,9,10,4.38,9.27
1955,19,5,3.89,4.13
1956,12,4,3.73,3.53
1957,42,20,4.87,13.43
1958,12,11,4.45,9.86
1959,53,6,4.02,4.76
1960,10,20,4.87,15.07
1961,5,7,4.13,5.22
1962,8,4,3.73,3.51
1963,8,6,4.02,4.67
1964,2,8,4.22,5.76
1965,17,12,4.51,8.75
1966,33,23,4.97,15.16
1967,12,9,4.31,6.99
1968,18,9,4.31,8.72
1969,14,4,3.73,3.54
1970,5,6,4.02,4.64
1971,16,12,4.51,10.45
1972,15,11,4.45,9.87
1973,11,9,4.31,8.7
1974,34,16,4.71,11.1
1975,22,15,4.67,10.5
1976,18,14,4.62,9.91
1977,38,8,4.22,5.91
1978,26,5,NA,4.15
1979,19,9,4.31,7.01
1980,25,14,4.62,9.93
1981,27,8,4.22,5.89
1982,7,13,4.57,10.99
1983,33,22,4.94,14.58
1984,46,12,4.51,8.8
1985,9,3,3.53,2.93
1986,16,3,3.53,2.96
1987,30,17,4.76,11.68
1988,20,17,4.76,11.66
1989,31,17,NA,11.68
1990,48,15,4.67,9.98
1991,10,5,3.89,4.1
1992,11,12,4.51,10.44
1993,19,15,4.67,10.49
1994,38,9,NA,6.49
1995,19,5,3.89,4.13
1996,24,9,4.31,7.03
1997,32,15,4.67,10.52
1998,6,4,3.73,3.49
1999,20,12,4.51,8.76
2000,26,10,4.38,7.61
2001,3,3,3.53,2.88
2002,9,8,4.22,5.83
2003,40,4,3.73,3.59
2004,14,7,4.13,5.28
2005,42,12,4.51,8.23
2006,13,12,4.51,10.44
2007,51,21,4.91,13.46
2008,10,7,4.13,5.26
2009,31,4,3.73,3.58
2010,12,8,4.22,5.85
2011,4,5,3.89,4.05
2012,14,18,NA,13.93
2013,8,6,NA,4.67
2014,10,6,4.02,4.68
2015,4,6,4.02,4.63
2016,4,11,4.45,9.81
2017,16,8,4.22,5.86
2018,17,15,4.67,10.49
2019,28,21,4.91,13.99
2020,15,7,4.13,7.55
2021,35,13,4.57,9.36
2022,36,17,4.76,11.69
2023,23,6,4.02,4.72
2024,24,11,4.45,8.19
2025,14,8,4.22,5.86
2026,19,10,4.38,7.59
2027,17,5,3.89,4.13
2028,6,4,NA,3.49
2029,12,6,4.02,4.69
2030,5,17,4.76,13.3
2031,2,8,4.22,5.76
2032,27,15,4.67,10.51
2033,1,10,4.38,6.88
2034,16,22,4.94,16.25
2035,20,9,4.31,7.02
2036,43,19,4.84,12.85
2037,15,12,4.51,8.74
2038,5,4,3.73,3.48
2039,15,9,4.31,8.71
2040,7,6,4.02,4.66
2041,25,6,4.02,4.73
2042,9,4,3.73,3.51
2043,25,8,4.22,5.89
2044,18,9,4.31,6.45
2045,11,7,4.13,5.26
2046,41,10,4.38,7.07
2047,11,18,4.8,13.92
2048,4,7,NA,5.21
2049,13,19,4.84,14.5
2050,17,6,4.02,4.71
2051,15,15,4.67,10.48
2052,33,9,4.31,6.48
2053,29,10,4.38,7.61
2054,14,7,4.13,5.28
2055,5,5,3.89,4.06
2056,20,7,4.13,5.29
2057,11,5,3.89,4.1
2058,17,6,4.02,4.71
2059,6,8,4.22,5.81
2060,47,6,4.02,4.76
2061,18,11,4.45,8.17
2062,16,13,4.57,9.32
2063,2,10,4.38,6.92
2064,13,9,4.31,8.7
2065,9,6,4.02,4.67
2066,21,6,4.02,4.72
2067,16,17,4.76,13.35
2068,22,11,4.45,8.18
2069,15,5,3.89,4.12
2070,20,6,4.02,4.71
2071,18,9,4.31,8.72
2072,15,10,4.38,9.29
2073,11,12,4.51,10.44
2074,29,15,4.67,10.51
2075,10,9,4.31,8.69
2076,16,7,4.13,7.55
2077,21,12,4.51,8.76
2078,17,5,NA,4.13
2079,18,17,4.76,11.65
2080,16,11,4.45,9.87
2081,10,12,4.51,10.43
2082,24,13,4.57,9.35
2083,21,17,4.76,11.66
2084,8,12,4.51,10.42
2085,37,8,4.22,5.9
2086,47,4,3.73,3.6
2087,11,6,4.02,4.68
2088,43,9,4.31,6.49
2089,24,15,4.67,10.51
2090,39,14,4.62,9.39
2091,15,5,3.89,4.12
2092,5,5,3.89,4.06
2093,29,23,4.97,15.15
2094,8,7,4.13,5.25
2095,2,8,4.22,5.76
2096,26,9,4.31,7.03
2097,14,5,3.89,4.12
2098,3,5,3.89,4.04
2099,7,6,4.02,4.66
2100,6,11,4.45,9.83
2101,14,7,4.13,7.55
2102,39,7,4.13,5.33
2103,23,7,4.13,5.3
2104,8,14,4.62,11.58
2105,38,4,3.73,3.59
2106,34,6,4.02,4.74
2107,1,9,4.31,6.3
2108,21,7,4.13,5.3
2109,8,4,3.73,3.51
2110,15,12,4.51,8.74
2111,22,19,4.84,12.82
2112,4,6,4.02,4.63
2113,15,9,4.31,7
2114,11,8,4.22,8.12
2115,4,8,4.22,5.79
2116,23,10,4.38,7.04
2117,27,7,4.13,5.31
2118,42,13,4.57,9.37
2119,34,7,4.13,5.32
2120,30,10,4.38,7.05
2121,6,7,4.13,5.23
2122,23,17,4.76,11.66
2123,24,13,4.57,9.35
2124,28,20,4.87,13.41
2125,27,10,4.38,7.61
2126,21,13,4.57,9.34
2127,8,13,4.57,11
2128,13,7,4.13,5.27
2129,15,5,3.89,4.12
2130,13,4,3.73,3.53
2131,5,8,4.22,5.8
2132,22,4,3.73,3.56
2133,10,12,4.51,10.43
2134,2,7,4.13,5.18
2135,30,18,4.8,12.26
2136,8,8,4.22,5.83
2137,10,7,4.13,5.26
2138,15,9,4.31,8.71
2139,7,6,4.02,4.66
2140,12,14,4.62,11.6
2141,6,4,NA,3.49
2142,32,14,4.62,9.94
2143,14,5,3.89,4.12
2144,49,5,3.89,4.18
2145,28,10,4.38,7.61
2146,24,14,4.62,9.93
2147,28,9,4.31,6.47
2148,10,5,3.89,4.1
2149,30,10,4.38,7.05
2150,7,4,3.73,3.5
2151,42,16,4.71,10.55
2152,41,17,4.76,11.69
2153,18,4,3.73,3.55
2154,18,4,3.73,3.55
2155,35,7,4.13,5.32
2156,13,8,4.22,8.12
2157,25,7,4.13,5.31
2158,3,10,4.38,6.94
2159,7,9,4.31,6.4
2160,29,11,4.45,8.19
2161,10,6,4.02,4.68
2162,19,10,4.38,7.59
2163,9,10,4.38,9.27
2164,13,9,4.31,8.7
2165,13,10,4.38,9.28
2166,12,10,4.38,9.28
2167,16,15,4.67,10.48
2168,15,4,3.73,3.54
2169,34,14,4.62,9.94
2170,16,15,4.67,10.48
2171,11,4,3.73,3.52
2172,44,14,4.62,9.39
2173,37,9,4.31,6.48
2174,6,3,3.53,2.91
2175,12,7,4.13,5.27
2176,3,9,4.31,6.36
2177,15,11,4.45,9.87
2178,5,5,3.89,4.06
2179,25,12,4.51,8.77
2180,14,17,4.76,13.35
2181,18,11,4.45,8.17
2182,9,5,NA,4.09
2183,52,6,4.02,4.76
2184,15,6,4.02,4.7
2185,15,7,4.13,5.28
2186,26,9,4.31,6.47
2187,28,17,4.76,11.67
2188,7,5,3.89,4.08
2189,17,7,4.13,5.29
2190,17,8,4.22,8.14
2191,55,7,4.13,5.34
2192,33,12,4.51,8.78
2193,30,9,4.31,6.47
2194,25,11,4.45,8.19
2195,6,6,4.02,4.65
2196,36,11,4.45,7.64
2197,19,8,4.22,5.87
2198,26,13,4.57,9.35
2199,13,5,3.89,4.11
2200,30,8,4.22,5.89
2201,31,17,4.76,11.68
2202,13,7,4.13,5.27
2203,25,11,4.45,8.19
2204,49,18,4.8,11.72
2205,14,17,4.76,11.64
2206,18,7,4.13,5.29
2207,37,4,3.73,3.58
2208,25,11,4.45,8.19
2209,19,7,4.13,5.29
2210,8,3,3.53,2.93
2211,15,7,4.13,5.28
2212,5,8,4.22,5.8
2213,37,13,4.57,9.37
2214,27,15,4.67,10.51
2215,16,11,4.45,8.16
2216,23,14,4.62,9.92
2217,35,18,4.8,12.26
2218,21,8,4.22,6.44
2219,22,10,4.38,7.6
2220,18,14,4.62,9.91
2221,20,7,4.13,5.29
2222,16,8,4.22,8.13
2223,4,7,4.13,5.21
2224,20,6,4.02,4.71
2225,4,11,4.45,9.81
2226,14,6,4.02,4.7
2227,12,4,3.73,3.53
2228,21,10,4.38,7.6
2229,14,7,4.13,5.28
